[{"id":"user-image-WhatsAppImage2023-04-19at6.51.59AM.jpeg","publicUrl":"np://user.desktop.nicepage.com/Site_36084480/images/WhatsAppImage2023-04-19at6.51.59AM.jpeg","size":44031,"hash":"RkuCzVtygzjhvSLop1h/pxwIg6Q=","fileName":"WhatsAppImage2023-04-19at6.51.59AM.jpeg","name":"WhatsAppImage2023-04-19at6.51.59AM","width":559,"height":1024,"thumbnail":{"url":"np://user.desktop.nicepage.com/Site_36084480/images/thumbnails/WhatsAppImage2023-04-19at6.51.59AM.jpeg","width":136,"height":250},"usages":["5835525"]},{"id":"user-image-WhatsAppImage2023-04-19at6.54.33AM.jpeg","publicUrl":"np://user.desktop.nicepage.com/Site_36084480/images/WhatsAppImage2023-04-19at6.54.33AM.jpeg","size":137965,"hash":"Ra8kMrOyrsYUxanZ4bD2uvxMbB4=","fileName":"WhatsAppImage2023-04-19at6.54.33AM.jpeg","name":"WhatsAppImage2023-04-19at6.54.33AM","width":739,"height":1600,"thumbnail":{"url":"np://user.desktop.nicepage.com/Site_36084480/images/thumbnails/WhatsAppImage2023-04-19at6.54.33AM.jpeg","width":115,"height":250},"usages":["5835525"]},{"id":"user-image-WhatsAppImage2023-04-19at7.06.04AM.jpeg","publicUrl":"np://user.desktop.nicepage.com/Site_36084480/images/WhatsAppImage2023-04-19at7.06.04AM.jpeg","size":89206,"hash":"Of8zUDAS9IqL7I2OkQEFwFMIlF8=","fileName":"WhatsAppImage2023-04-19at7.06.04AM.jpeg","name":"WhatsAppImage2023-04-19at7.06.04AM","width":1002,"height":1024,"thumbnail":{"url":"np://user.desktop.nicepage.com/Site_36084480/images/thumbnails/WhatsAppImage2023-04-19at7.06.04AM.jpeg","width":245,"height":250},"usages":["5835525"]}]